[{
  "_id": "6569270909e8c2204d5cd021",
  "name": "tvssss",
  "info": "jumping",
  "category": "outdor",
  "price": 70,
  "img": "https://images.pexels.com/photos/206959/pexels-photo-206959.jpeg?auto=compress&cs=tinysrgb&w=300",
  "date_created": "2023-12-01T00:02:16.419Z",
  "user_id": "63280f16b12081bdbf5e3d63",
  "__v": 0
},
{
  "_id": "656924c709e8c2204d5cd013",
  "name": "lambda jhf",
  "info": "ufufyers",
  "category": "box game",
  "price": 45,
  "img": "https://images.pexels.com/photos/206959/pexels-photo-206959.jpeg?auto=compress&cs=tinysrgb&w=300",
  "date_created": "2023-12-01T00:02:16.419Z",
  "user_id": "63280f16b12081bdbf5e3d63",
  "__v": 0
},
{
  "_id": "656922a009e8c2204d5cd004",
  "name": "pikgjhgjhga kruaa",
  "info": "4 players",
  "category": "box game",
  "price": 45,
  "img": "https://images.pexels.com/photos/206959/pexels-photo-206959.jpeg?auto=compress&cs=tinysrgb&w=300",
  "date_created": "2023-12-01T00:02:16.419Z",
  "user_id": "63280f16b12081bdbf5e3d63",
  "__v": 0
},
{
  "_id": "63282313fc53374fed425db7",
  "name": "Taki",
  "info": "4 players",
  "category": "box game",
  "price": 45,
  "img": "https://images.pexels.com/photos/206959/pexels-photo-206959.jpeg?auto=compress&cs=tinysrgb&w=300",
  "date_created": "2022-09-19T08:01:02.108Z",
  "user_id": "63280f16b12081bdbf5e3d63",
  "__v": 0
},
{
  "_id": "63282313fc53374fed425db5",
  "name": "Damka",
  "info": "4 players",
  "category": "box game",
  "price": 45,
  "img": "https://images.pexels.com/photos/206959/pexels-photo-206959.jpeg?auto=compress&cs=tinysrgb&w=300",
  "date_created": "2022-09-19T08:01:02.108Z",
  "user_id": "63280f16b12081bdbf5e3d63",
  "__v": 0
},
{
  "_id": "63282313fc53374fed425db3",
  "name": "Rase",
  "info": "4 players",
  "category": "box game",
  "price": 45,
  "img": "https://images.pexels.com/photos/206959/pexels-photo-206959.jpeg?auto=compress&cs=tinysrgb&w=300",
  "date_created": "2022-09-19T08:01:02.108Z",
  "user_id": "63280f16b12081bdbf5e3d63",
  "__v": 0
},
{
  "_id": "63282313fc53374fed425db0",
  "name": "pita kruaa",
  "info": "4 players",
  "category": "box game",
  "price": 45,
  "img": "https://images.pexels.com/photos/206959/pexels-photo-206959.jpeg?auto=compress&cs=tinysrgb&w=300",
  "date_created": "2022-09-19T08:01:02.108Z",
  "user_id": "63280f16b12081bdbf5e3d60",
  "__v": 0
}]